Manifest,Image,Tags
https://figgy.princeton.edu/concern/scanned_resources/bcf83691-4a18-4ddd-a9eb-bbc9dd800641/manifest,"https://iiif-cloud.princeton.edu/iiif/2/94%2Fc8%2F07%2F94c807f418f3478ab069a9ae7fddba37%2Fintermediate_file/2513,2728,125,154/full/0/default.jpg",ሀ
https://www.vhmml.org/image/manifest/534303,"https://www.vhmml.org/image/READING_ROOM/AARB/AARB%2000202/AARB_00202_IMG_008r.jpg/430,995,98,106/full/0/default.jpg",ሀ
https://www.vhmml.org/image/manifest/203663,"https://www.vhmml.org/image/READING_ROOM/EMML/EMML%201832/EMML_1832-003.jpg/329,160,28,30/full/0/default.jpg",ሀ
https://figgy.princeton.edu/concern/scanned_resources/db3654ca-8e69-4000-93ab-e44b602cd160/manifest,"https://iiif-cloud.princeton.edu/iiif/2/81%2F60%2Ff5%2F8160f507a81d4bd4974adde099b8ee51%2Fintermediate_file/4022,2221,231,207/full/0/default.jpg",ሁ
https://figgy.princeton.edu/concern/scanned_resources/db3654ca-8e69-4000-93ab-e44b602cd160/manifest,"https://iiif-cloud.princeton.edu/iiif/2/39%2Fa1%2F6d%2F39a16d01308247ce9e575068f84590b0%2Fintermediate_file/3540,1989,244,216/full/0/default.jpg",ሁ
https://figgy.princeton.edu/concern/scanned_resources/db3654ca-8e69-4000-93ab-e44b602cd160/manifest,"https://iiif-cloud.princeton.edu/iiif/2/d1%2F0d%2F50%2Fd10d50bff8bb4a9b84bf985960bf4240%2Fintermediate_file/1839,2525,278,240/full/0/default.jpg",ሁ
https://figgy.princeton.edu/concern/scanned_resources/9d5e20bd-8e05-4696-9693-bd2e0932199f/manifest,"https://iiif-cloud.princeton.edu/iiif/2/42%2Fcb%2F57%2F42cb57dc042d464e98b497b29d468847%2Fintermediate_file/4805,3635,325,298/full/0/default.jpg",ሁ
https://figgy.princeton.edu/concern/scanned_resources/9d5e20bd-8e05-4696-9693-bd2e0932199f/manifest,"https://iiif-cloud.princeton.edu/iiif/2/fe%2Fa8%2F48%2Ffea8485869314376ab4387b653d11408%2Fintermediate_file/1891,3336,304,284/full/0/default.jpg",ሁ
https://www.vhmml.org/image/manifest/534303,"https://www.vhmml.org/image/READING_ROOM/AARB/AARB%2000202/AARB_00202_IMG_008r.jpg/612,989,117,118/full/0/default.jpg",ሁ
https://www.vhmml.org/image/manifest/534303,"https://www.vhmml.org/image/READING_ROOM/AARB/AARB%2000202/AARB_00202_IMG_008r.jpg/801,994,110,103/full/0/default.jpg",ሂ
https://digi.vatlib.it/iiif/MSS_Vat.et.25/manifest.json,"https://digi.vatlib.it/pub/digit/MSS_Vat.et.25/iiif/Vat.et.25_0009_fa_0001r.jp2/470,1099,36,42/full/0/default.jpg",ለ
https://digi.vatlib.it/iiif/MSS_Vat.et.25/manifest.json,"https://digi.vatlib.it/pub/digit/MSS_Vat.et.25/iiif/Vat.et.25_0014_fa_0003v.jp2/409,1531,40,61/full/0/default.jpg",ለ
https://figgy.princeton.edu/concern/scanned_resources/db3654ca-8e69-4000-93ab-e44b602cd160/manifest,"https://iiif-cloud.princeton.edu/iiif/2/2c%2F48%2Ff0%2F2c48f05da9f14e9892ab2575c4e0fb2f%2Fintermediate_file/2649,3051,188,182/full/0/default.jpg",ለ
https://figgy.princeton.edu/concern/scanned_resources/db3654ca-8e69-4000-93ab-e44b602cd160/manifest,"https://iiif-cloud.princeton.edu/iiif/2/a1%2F54%2Fbf%2Fa154bff9de7a40608b53fe5e1a7af2a4%2Fintermediate_file/2959,2274,150,214/full/0/default.jpg",ለ
https://figgy.princeton.edu/concern/scanned_resources/9d5e20bd-8e05-4696-9693-bd2e0932199f/manifest,"https://iiif-cloud.princeton.edu/iiif/2/ad%2F07%2F0c%2Fad070c416f48402c9ec3acccd61cde11%2Fintermediate_file/1801,2155,267,285/full/0/default.jpg",ለ
https://figgy.princeton.edu/concern/scanned_resources/9d5e20bd-8e05-4696-9693-bd2e0932199f/manifest,"https://iiif-cloud.princeton.edu/iiif/2/ad%2F07%2F0c%2Fad070c416f48402c9ec3acccd61cde11%2Fintermediate_file/2586,3398,176,299/full/0/default.jpg",ለ
https://figgy.princeton.edu/concern/scanned_resources/9d5e20bd-8e05-4696-9693-bd2e0932199f/manifest,"https://iiif-cloud.princeton.edu/iiif/2/ad%2F07%2F0c%2Fad070c416f48402c9ec3acccd61cde11%2Fintermediate_file/1852,4299,263,301/full/0/default.jpg",ለ
https://figgy.princeton.edu/concern/scanned_resources/9d5e20bd-8e05-4696-9693-bd2e0932199f/manifest,"https://iiif-cloud.princeton.edu/iiif/2/ad%2F07%2F0c%2Fad070c416f48402c9ec3acccd61cde11%2Fintermediate_file/1181,5165,278,282/full/0/default.jpg",ለ
https://figgy.princeton.edu/concern/scanned_resources/9d5e20bd-8e05-4696-9693-bd2e0932199f/manifest,"https://iiif-cloud.princeton.edu/iiif/2/ad%2F07%2F0c%2Fad070c416f48402c9ec3acccd61cde11%2Fintermediate_file/3761,1798,302,322/full/0/default.jpg",ለ
https://figgy.princeton.edu/concern/scanned_resources/bcf83691-4a18-4ddd-a9eb-bbc9dd800641/manifest,"https://iiif-cloud.princeton.edu/iiif/2/94%2Fc8%2F07%2F94c807f418f3478ab069a9ae7fddba37%2Fintermediate_file/1931,2056,119,157/full/0/default.jpg",ለ
https://figgy.princeton.edu/concern/scanned_resources/bcf83691-4a18-4ddd-a9eb-bbc9dd800641/manifest,"https://iiif-cloud.princeton.edu/iiif/2/94%2Fc8%2F07%2F94c807f418f3478ab069a9ae7fddba37%2Fintermediate_file/1775,1808,116,165/full/0/default.jpg",ለ
https://www.vhmml.org/image/manifest/203663,"https://www.vhmml.org/image/READING_ROOM/EMML/EMML%201832/EMML_1832-003.jpg/1106,247,44,36/full/0/default.jpg",ለ
https://www.vhmml.org/image/manifest/203663,"https://www.vhmml.org/image/READING_ROOM/EMML/EMML%201832/EMML_1832-003.jpg/1063,592,47,41/full/0/default.jpg",ለ
https://www.vhmml.org/image/manifest/203663,"https://www.vhmml.org/image/READING_ROOM/EMML/EMML%201832/EMML_1832-003.jpg/793,746,28,45/full/0/default.jpg",ለ
https://figgy.princeton.edu/concern/scanned_resources/db3654ca-8e69-4000-93ab-e44b602cd160/manifest,"https://iiif-cloud.princeton.edu/iiif/2/81%2F60%2Ff5%2F8160f507a81d4bd4974adde099b8ee51%2Fintermediate_file/2067,4035,239,213/full/0/default.jpg",ሉ
https://figgy.princeton.edu/concern/scanned_resources/db3654ca-8e69-4000-93ab-e44b602cd160/manifest,"https://iiif-cloud.princeton.edu/iiif/2/a1%2Ffe%2F97%2Fa1fe97c70a3045fd8a630c5226e267b7%2Fintermediate_file/2490,1482,228,220/full/0/default.jpg",ሉ
https://figgy.princeton.edu/concern/scanned_resources/9d5e20bd-8e05-4696-9693-bd2e0932199f/manifest,"https://iiif-cloud.princeton.edu/iiif/2/34%2Fef%2F45%2F34ef45ec5928469285847749ab2b15a2%2Fintermediate_file/2857,2162,351,280/full/0/default.jpg",ሉ
https://figgy.princeton.edu/concern/scanned_resources/9d5e20bd-8e05-4696-9693-bd2e0932199f/manifest,"https://iiif-cloud.princeton.edu/iiif/2/7a%2Fc9%2Fa1%2F7ac9a144132f4296acd7fa454cac2bb1%2Fintermediate_file/1661,813,317,339/full/0/default.jpg",ሉ
https://figgy.princeton.edu/concern/scanned_resources/9d5e20bd-8e05-4696-9693-bd2e0932199f/manifest,"https://iiif-cloud.princeton.edu/iiif/2/fe%2Fa8%2F48%2Ffea8485869314376ab4387b653d11408%2Fintermediate_file/2190,2540,289,319/full/0/default.jpg",ሉ
https://www.vhmml.org/image/manifest/534303,"https://www.vhmml.org/image/READING_ROOM/AARB/AARB%2000202/AARB_00202_IMG_008r.jpg/588,1236,149,102/full/0/default.jpg",ሉ
https://figgy.princeton.edu/concern/scanned_resources/db3654ca-8e69-4000-93ab-e44b602cd160/manifest,"https://iiif-cloud.princeton.edu/iiif/2/2c%2F48%2Ff0%2F2c48f05da9f14e9892ab2575c4e0fb2f%2Fintermediate_file/4806,5036,237,184/full/0/default.jpg",ሐ
https://figgy.princeton.edu/concern/scanned_resources/9d5e20bd-8e05-4696-9693-bd2e0932199f/manifest,"https://iiif-cloud.princeton.edu/iiif/2/ad%2F07%2F0c%2Fad070c416f48402c9ec3acccd61cde11%2Fintermediate_file/1449,1769,271,277/full/0/default.jpg",ሐ
https://figgy.princeton.edu/concern/scanned_resources/9d5e20bd-8e05-4696-9693-bd2e0932199f/manifest,"https://iiif-cloud.princeton.edu/iiif/2/ad%2F07%2F0c%2Fad070c416f48402c9ec3acccd61cde11%2Fintermediate_file/4360,3896,318,304/full/0/default.jpg",ሐ
https://figgy.princeton.edu/concern/scanned_resources/bcf83691-4a18-4ddd-a9eb-bbc9dd800641/manifest,"https://iiif-cloud.princeton.edu/iiif/2/32%2F8d%2Fa1%2F328da17a94e64525913db2b61e7f0fca%2Fintermediate_file/582,2956,163,168/full/0/default.jpg",ሐ
https://www.vhmml.org/image/manifest/534303,"https://www.vhmml.org/image/READING_ROOM/AARB/AARB%2000202/AARB_00202_IMG_008r.jpg/435,1491,122,95/full/0/default.jpg",ሐ
https://www.vhmml.org/image/manifest/203663,"https://www.vhmml.org/image/READING_ROOM/EMML/EMML%201832/EMML_1832-003.jpg/624,929,36,44/full/0/default.jpg",ሐ
https://figgy.princeton.edu/concern/scanned_resources/9d5e20bd-8e05-4696-9693-bd2e0932199f/manifest,"https://iiif-cloud.princeton.edu/iiif/2/49%2F37%2Fcc%2F4937ccd195b343769cdc9269720e52b1%2Fintermediate_file/3986,5464,299,321/full/0/default.jpg",ሑ
https://www.vhmml.org/image/manifest/534303,"https://www.vhmml.org/image/READING_ROOM/AARB/AARB%2000202/AARB_00202_IMG_008r.jpg/608,1476,124,125/full/0/default.jpg",ሑ
https://digi.vatlib.it/iiif/MSS_Vat.et.25/manifest.json,"https://digi.vatlib.it/pub/digit/MSS_Vat.et.25/iiif/Vat.et.25_0009_fa_0001r.jp2/748,362,56,41/full/0/default.jpg",መ
https://digi.vatlib.it/iiif/MSS_Vat.et.25/manifest.json,"https://digi.vatlib.it/pub/digit/MSS_Vat.et.25/iiif/Vat.et.25_0015_fa_0004r.jp2/474,972,44,44/full/0/default.jpg",መ
https://digi.vatlib.it/iiif/MSS_Vat.et.25/manifest.json,"https://digi.vatlib.it/pub/digit/MSS_Vat.et.25/iiif/Vat.et.25_0021_fa_0007r.jp2/738,1386,60,46/full/0/default.jpg",መ
https://figgy.princeton.edu/concern/scanned_resources/db3654ca-8e69-4000-93ab-e44b602cd160/manifest,"https://iiif-cloud.princeton.edu/iiif/2/a4%2Fc7%2F82%2Fa4c782137f7649a5b8b05ea42a3bf17d%2Fintermediate_file/2706,1375,255,186/full/0/default.jpg",መ
https://figgy.princeton.edu/concern/scanned_resources/9d5e20bd-8e05-4696-9693-bd2e0932199f/manifest,"https://iiif-cloud.princeton.edu/iiif/2/ad%2F07%2F0c%2Fad070c416f48402c9ec3acccd61cde11%2Fintermediate_file/2816,1328,323,295/full/0/default.jpg",መ
https://figgy.princeton.edu/concern/scanned_resources/bcf83691-4a18-4ddd-a9eb-bbc9dd800641/manifest,"https://iiif-cloud.princeton.edu/iiif/2/94%2Fc8%2F07%2F94c807f418f3478ab069a9ae7fddba37%2Fintermediate_file/831,1081,193,135/full/0/default.jpg",መ
https://figgy.princeton.edu/concern/scanned_resources/bcf83691-4a18-4ddd-a9eb-bbc9dd800641/manifest,"https://iiif-cloud.princeton.edu/iiif/2/94%2Fc8%2F07%2F94c807f418f3478ab069a9ae7fddba37%2Fintermediate_file/2262,1052,161,114/full/0/default.jpg",መ
https://figgy.princeton.edu/concern/scanned_resources/bcf83691-4a18-4ddd-a9eb-bbc9dd800641/manifest,"https://iiif-cloud.princeton.edu/iiif/2/94%2Fc8%2F07%2F94c807f418f3478ab069a9ae7fddba37%2Fintermediate_file/1849,3733,188,115/full/0/default.jpg",መ
https://www.vhmml.org/image/manifest/534303,"https://www.vhmml.org/image/READING_ROOM/AARB/AARB%2000202/AARB_00202_IMG_008r.jpg/441,1731,126,109/full/0/default.jpg",መ
https://www.vhmml.org/image/manifest/203663,"https://www.vhmml.org/image/READING_ROOM/EMML/EMML%201832/EMML_1832-003.jpg/584,101,43,37/full/0/default.jpg",መ
https://figgy.princeton.edu/concern/scanned_resources/db3654ca-8e69-4000-93ab-e44b602cd160/manifest,"https://iiif-cloud.princeton.edu/iiif/2/fd%2F05%2F81%2Ffd05810a73fb4225bc7552037cc912bf%2Fintermediate_file/4219,4574,344,214/full/0/default.jpg",ሙ
https://figgy.princeton.edu/concern/scanned_resources/9d5e20bd-8e05-4696-9693-bd2e0932199f/manifest,"https://iiif-cloud.princeton.edu/iiif/2/7a%2Fc9%2Fa1%2F7ac9a144132f4296acd7fa454cac2bb1%2Fintermediate_file/5374,2458,457,317/full/0/default.jpg",ሙ
https://figgy.princeton.edu/concern/scanned_resources/9d5e20bd-8e05-4696-9693-bd2e0932199f/manifest,"https://iiif-cloud.princeton.edu/iiif/2/48%2Ffd%2F8f%2F48fd8f0bd89b42419a5a2bd0b39c7f6b%2Fintermediate_file/752,2973,401,248/full/0/default.jpg",ሙ
https://figgy.princeton.edu/concern/scanned_resources/9d5e20bd-8e05-4696-9693-bd2e0932199f/manifest,"https://iiif-cloud.princeton.edu/iiif/2/4d%2Ffb%2F05%2F4dfb0580cdfa4045906f9818f1057441%2Fintermediate_file/2851,2918,353,299/full/0/default.jpg",ሙ
https://www.vhmml.org/image/manifest/534303,"https://www.vhmml.org/image/READING_ROOM/AARB/AARB%2000202/AARB_00202_IMG_008r.jpg/612,1724,131,125/full/0/default.jpg",ሙ
https://digi.vatlib.it/iiif/MSS_Vat.et.25/manifest.json,"https://digi.vatlib.it/pub/digit/MSS_Vat.et.25/iiif/Vat.et.25_0016_fa_0004v.jp2/819,473,54,51/full/0/default.jpg",ሠ
https://www.vhmml.org/image/manifest/534303,"https://www.vhmml.org/image/READING_ROOM/AARB/AARB%2000202/AARB_00202_IMG_008r.jpg/445,1976,125,102/full/0/default.jpg",ሠ
https://www.vhmml.org/image/manifest/534303,"https://www.vhmml.org/image/READING_ROOM/AARB/AARB%2000202/AARB_00202_IMG_008r.jpg/593,1956,161,123/full/0/default.jpg",ሡ
https://digi.vatlib.it/iiif/MSS_Vat.et.25/manifest.json,"https://digi.vatlib.it/pub/digit/MSS_Vat.et.25/iiif/Vat.et.25_0010_fa_0001v.jp2/394,882,45,46/full/0/default.jpg",ረ
https://figgy.princeton.edu/concern/scanned_resources/db3654ca-8e69-4000-93ab-e44b602cd160/manifest,"https://iiif-cloud.princeton.edu/iiif/2/a4%2Fc7%2F82%2Fa4c782137f7649a5b8b05ea42a3bf17d%2Fintermediate_file/3897,2382,141,158/full/0/default.jpg",ረ
https://figgy.princeton.edu/concern/scanned_resources/9d5e20bd-8e05-4696-9693-bd2e0932199f/manifest,"https://iiif-cloud.princeton.edu/iiif/2/ad%2F07%2F0c%2Fad070c416f48402c9ec3acccd61cde11%2Fintermediate_file/2953,3015,238,273/full/0/default.jpg",ረ
https://figgy.princeton.edu/concern/scanned_resources/9d5e20bd-8e05-4696-9693-bd2e0932199f/manifest,"https://iiif-cloud.princeton.edu/iiif/2/ad%2F07%2F0c%2Fad070c416f48402c9ec3acccd61cde11%2Fintermediate_file/1610,5165,237,282/full/0/default.jpg",ረ
https://www.vhmml.org/image/manifest/534303,"https://www.vhmml.org/image/READING_ROOM/AARB/AARB%2000202/AARB_00202_IMG_008r.jpg/439,2196,110,134/full/0/default.jpg",ረ
https://www.vhmml.org/image/manifest/203663,"https://www.vhmml.org/image/READING_ROOM/EMML/EMML%201832/EMML_1832-003.jpg/449,527,27,38/full/0/default.jpg",ረ
https://figgy.princeton.edu/concern/scanned_resources/9d5e20bd-8e05-4696-9693-bd2e0932199f/manifest,"https://iiif-cloud.princeton.edu/iiif/2/33%2F6e%2Fbe%2F336ebe7931c54c3684c51b5c59aa24a3%2Fintermediate_file/704,4151,231,323/full/0/default.jpg",ሩ
https://figgy.princeton.edu/concern/scanned_resources/9d5e20bd-8e05-4696-9693-bd2e0932199f/manifest,"https://iiif-cloud.princeton.edu/iiif/2/7a%2Fc9%2Fa1%2F7ac9a144132f4296acd7fa454cac2bb1%2Fintermediate_file/4493,3988,279,317/full/0/default.jpg",ሩ
https://figgy.princeton.edu/concern/scanned_resources/9d5e20bd-8e05-4696-9693-bd2e0932199f/manifest,"https://iiif-cloud.princeton.edu/iiif/2/7a%2Fc9%2Fa1%2F7ac9a144132f4296acd7fa454cac2bb1%2Fintermediate_file/4815,4437,233,288/full/0/default.jpg",ሩ
https://figgy.princeton.edu/concern/scanned_resources/9d5e20bd-8e05-4696-9693-bd2e0932199f/manifest,"https://iiif-cloud.princeton.edu/iiif/2/4d%2Ffb%2F05%2F4dfb0580cdfa4045906f9818f1057441%2Fintermediate_file/4587,4094,244,283/full/0/default.jpg",ሩ
https://www.vhmml.org/image/manifest/534303,"https://www.vhmml.org/image/READING_ROOM/AARB/AARB%2000202/AARB_00202_IMG_008r.jpg/627,2205,129,122/full/0/default.jpg",ሩ
https://figgy.princeton.edu/concern/scanned_resources/db3654ca-8e69-4000-93ab-e44b602cd160/manifest,"https://iiif-cloud.princeton.edu/iiif/2/81%2F60%2Ff5%2F8160f507a81d4bd4974adde099b8ee51%2Fintermediate_file/4406,1736,180,188/full/0/default.jpg",ሰ
https://figgy.princeton.edu/concern/scanned_resources/db3654ca-8e69-4000-93ab-e44b602cd160/manifest,"https://iiif-cloud.princeton.edu/iiif/2/a4%2Fc7%2F82%2Fa4c782137f7649a5b8b05ea42a3bf17d%2Fintermediate_file/3445,1363,150,177/full/0/default.jpg",ሰ
https://figgy.princeton.edu/concern/scanned_resources/9d5e20bd-8e05-4696-9693-bd2e0932199f/manifest,"https://iiif-cloud.princeton.edu/iiif/2/ad%2F07%2F0c%2Fad070c416f48402c9ec3acccd61cde11%2Fintermediate_file/2291,1759,224,283/full/0/default.jpg",ሰ
https://www.vhmml.org/image/manifest/534303,"https://www.vhmml.org/image/READING_ROOM/AARB/AARB%2000202/AARB_00202_IMG_008r.jpg/445,2469,105,83/full/0/default.jpg",ሰ
https://www.vhmml.org/image/manifest/203663,"https://www.vhmml.org/image/READING_ROOM/EMML/EMML%201832/EMML_1832-003.jpg/1121,525,47,51/full/0/default.jpg",ሰ
https://figgy.princeton.edu/concern/scanned_resources/9d5e20bd-8e05-4696-9693-bd2e0932199f/manifest,"https://iiif-cloud.princeton.edu/iiif/2/ad%2F07%2F0c%2Fad070c416f48402c9ec3acccd61cde11%2Fintermediate_file/3090,2165,274,308/full/0/default.jpg",ሱ
https://figgy.princeton.edu/concern/scanned_resources/9d5e20bd-8e05-4696-9693-bd2e0932199f/manifest,"https://iiif-cloud.princeton.edu/iiif/2/ad%2F07%2F0c%2Fad070c416f48402c9ec3acccd61cde11%2Fintermediate_file/2553,4252,271,405/full/0/default.jpg",ሱ
https://figgy.princeton.edu/concern/scanned_resources/9d5e20bd-8e05-4696-9693-bd2e0932199f/manifest,"https://iiif-cloud.princeton.edu/iiif/2/7a%2Fc9%2Fa1%2F7ac9a144132f4296acd7fa454cac2bb1%2Fintermediate_file/2538,4030,271,288/full/0/default.jpg",ሱ
https://www.vhmml.org/image/manifest/534303,"https://www.vhmml.org/image/READING_ROOM/AARB/AARB%2000202/AARB_00202_IMG_008r.jpg/607,2447,122,115/full/0/default.jpg",ሱ
https://digi.vatlib.it/iiif/MSS_Vat.et.25/manifest.json,"https://digi.vatlib.it/pub/digit/MSS_Vat.et.25/iiif/Vat.et.25_0021_fa_0007r.jp2/309,735,48,56/full/0/default.jpg",ቀ
https://figgy.princeton.edu/concern/scanned_resources/9d5e20bd-8e05-4696-9693-bd2e0932199f/manifest,"https://iiif-cloud.princeton.edu/iiif/2/ad%2F07%2F0c%2Fad070c416f48402c9ec3acccd61cde11%2Fintermediate_file/3064,5584,291,351/full/0/default.jpg",ቀ
https://figgy.princeton.edu/concern/scanned_resources/9d5e20bd-8e05-4696-9693-bd2e0932199f/manifest,"https://iiif-cloud.princeton.edu/iiif/2/ad%2F07%2F0c%2Fad070c416f48402c9ec3acccd61cde11%2Fintermediate_file/4035,1271,282,380/full/0/default.jpg",ቀ
https://figgy.princeton.edu/concern/scanned_resources/9d5e20bd-8e05-4696-9693-bd2e0932199f/manifest,"https://iiif-cloud.princeton.edu/iiif/2/ad%2F07%2F0c%2Fad070c416f48402c9ec3acccd61cde11%2Fintermediate_file/4644,1753,294,376/full/0/default.jpg",ቀ
https://figgy.princeton.edu/concern/scanned_resources/bcf83691-4a18-4ddd-a9eb-bbc9dd800641/manifest,"https://iiif-cloud.princeton.edu/iiif/2/94%2Fc8%2F07%2F94c807f418f3478ab069a9ae7fddba37%2Fintermediate_file/722,1830,150,156/full/0/default.jpg",ቀ
https://www.vhmml.org/image/manifest/534303,"https://www.vhmml.org/image/READING_ROOM/AARB/AARB%2000202/AARB_00202_IMG_008r.jpg/440,2696,115,106/full/0/default.jpg",ቀ
https://www.vhmml.org/image/manifest/203663,"https://www.vhmml.org/image/READING_ROOM/EMML/EMML%201832/EMML_1832-003.jpg/810,1002,35,37/full/0/default.jpg",ቀ
https://digi.vatlib.it/iiif/MSS_Vat.et.25/manifest.json,"https://digi.vatlib.it/pub/digit/MSS_Vat.et.25/iiif/Vat.et.25_0009_fa_0001r.jp2/283,271,39,45/full/0/default.jpg",በ
https://figgy.princeton.edu/concern/scanned_resources/db3654ca-8e69-4000-93ab-e44b602cd160/manifest,"https://iiif-cloud.princeton.edu/iiif/2/81%2F60%2Ff5%2F8160f507a81d4bd4974adde099b8ee51%2Fintermediate_file/3607,1981,156,190/full/0/default.jpg",በ
https://figgy.princeton.edu/concern/scanned_resources/db3654ca-8e69-4000-93ab-e44b602cd160/manifest,"https://iiif-cloud.princeton.edu/iiif/2/2c%2F48%2Ff0%2F2c48f05da9f14e9892ab2575c4e0fb2f%2Fintermediate_file/3110,5077,171,192/full/0/default.jpg",በ
https://figgy.princeton.edu/concern/scanned_resources/9d5e20bd-8e05-4696-9693-bd2e0932199f/manifest,"https://iiif-cloud.princeton.edu/iiif/2/ad%2F07%2F0c%2Fad070c416f48402c9ec3acccd61cde11%2Fintermediate_file/2189,5579,216,288/full/0/default.jpg",በ
https://figgy.princeton.edu/concern/scanned_resources/9d5e20bd-8e05-4696-9693-bd2e0932199f/manifest,"https://iiif-cloud.princeton.edu/iiif/2/ad%2F07%2F0c%2Fad070c416f48402c9ec3acccd61cde11%2Fintermediate_file/4195,2153,240,361/full/0/default.jpg",በ
https://figgy.princeton.edu/concern/scanned_resources/9d5e20bd-8e05-4696-9693-bd2e0932199f/manifest,"https://iiif-cloud.princeton.edu/iiif/2/ad%2F07%2F0c%2Fad070c416f48402c9ec3acccd61cde11%2Fintermediate_file/2097,1753,218,275/full/0/default.jpg",በ
https://figgy.princeton.edu/concern/scanned_resources/9d5e20bd-8e05-4696-9693-bd2e0932199f/manifest,"https://iiif-cloud.princeton.edu/iiif/2/ad%2F07%2F0c%2Fad070c416f48402c9ec3acccd61cde11%2Fintermediate_file/1190,3396,178,269/full/0/default.jpg",በ
https://figgy.princeton.edu/concern/scanned_resources/9d5e20bd-8e05-4696-9693-bd2e0932199f/manifest,"https://iiif-cloud.princeton.edu/iiif/2/ad%2F07%2F0c%2Fad070c416f48402c9ec3acccd61cde11%2Fintermediate_file/5548,862,237,363/full/0/default.jpg",በ
https://figgy.princeton.edu/concern/scanned_resources/9d5e20bd-8e05-4696-9693-bd2e0932199f/manifest,"https://iiif-cloud.princeton.edu/iiif/2/ad%2F07%2F0c%2Fad070c416f48402c9ec3acccd61cde11%2Fintermediate_file/4170,2170,282,306/full/0/default.jpg",በ
https://figgy.princeton.edu/concern/scanned_resources/bcf83691-4a18-4ddd-a9eb-bbc9dd800641/manifest,"https://iiif-cloud.princeton.edu/iiif/2/94%2Fc8%2F07%2F94c807f418f3478ab069a9ae7fddba37%2Fintermediate_file/1236,2051,142,186/full/0/default.jpg",በ
https://figgy.princeton.edu/concern/scanned_resources/bcf83691-4a18-4ddd-a9eb-bbc9dd800641/manifest,"https://iiif-cloud.princeton.edu/iiif/2/94%2Fc8%2F07%2F94c807f418f3478ab069a9ae7fddba37%2Fintermediate_file/1235,2080,136,141/full/0/default.jpg",በ
https://figgy.princeton.edu/concern/scanned_resources/bcf83691-4a18-4ddd-a9eb-bbc9dd800641/manifest,"https://iiif-cloud.princeton.edu/iiif/2/94%2Fc8%2F07%2F94c807f418f3478ab069a9ae7fddba37%2Fintermediate_file/1996,4191,136,137/full/0/default.jpg",በ
https://figgy.princeton.edu/concern/scanned_resources/bcf83691-4a18-4ddd-a9eb-bbc9dd800641/manifest,"https://iiif-cloud.princeton.edu/iiif/2/94%2Fc8%2F07%2F94c807f418f3478ab069a9ae7fddba37%2Fintermediate_file/2333,4660,111,152/full/0/default.jpg",በ
https://www.vhmml.org/image/manifest/534303,"https://www.vhmml.org/image/READING_ROOM/AARB/AARB%2000202/AARB_00202_IMG_008r.jpg/426,2886,109,125/full/0/default.jpg",በ
https://www.vhmml.org/image/manifest/203663,"https://www.vhmml.org/image/READING_ROOM/EMML/EMML%201832/EMML_1832-003.jpg/999,111,33,39/full/0/default.jpg",በ
https://www.vhmml.org/image/manifest/203663,"https://www.vhmml.org/image/READING_ROOM/EMML/EMML%201832/EMML_1832-003.jpg/1578,870,43,47/full/0/default.jpg",በ
https://figgy.princeton.edu/concern/scanned_resources/db3654ca-8e69-4000-93ab-e44b602cd160/manifest,"https://iiif-cloud.princeton.edu/iiif/2/81%2F60%2Ff5%2F8160f507a81d4bd4974adde099b8ee51%2Fintermediate_file/1330,3047,244,189/full/0/default.jpg",ቡ
https://figgy.princeton.edu/concern/scanned_resources/db3654ca-8e69-4000-93ab-e44b602cd160/manifest,"https://iiif-cloud.princeton.edu/iiif/2/81%2F60%2Ff5%2F8160f507a81d4bd4974adde099b8ee51%2Fintermediate_file/2795,3311,230,195/full/0/default.jpg",ቡ
https://figgy.princeton.edu/concern/scanned_resources/9d5e20bd-8e05-4696-9693-bd2e0932199f/manifest,"https://iiif-cloud.princeton.edu/iiif/2/48%2Ffd%2F8f%2F48fd8f0bd89b42419a5a2bd0b39c7f6b%2Fintermediate_file/3176,1748,387,353/full/0/default.jpg",ቡ
https://figgy.princeton.edu/concern/scanned_resources/9d5e20bd-8e05-4696-9693-bd2e0932199f/manifest,"https://iiif-cloud.princeton.edu/iiif/2/a5%2Fee%2Ffa%2Fa5eefab00f2740089c4ba8068837402b%2Fintermediate_file/1154,4602,285,255/full/0/default.jpg",ቡ
https://figgy.princeton.edu/concern/scanned_resources/9d5e20bd-8e05-4696-9693-bd2e0932199f/manifest,"https://iiif-cloud.princeton.edu/iiif/2/fe%2Fa8%2F48%2Ffea8485869314376ab4387b653d11408%2Fintermediate_file/811,2986,268,238/full/0/default.jpg",ቡ
https://www.vhmml.org/image/manifest/534303,"https://www.vhmml.org/image/READING_ROOM/AARB/AARB%2000202/AARB_00202_IMG_008r.jpg/599,2891,128,121/full/0/default.jpg",ቡ
https://digi.vatlib.it/iiif/MSS_Vat.et.25/manifest.json,"https://digi.vatlib.it/pub/digit/MSS_Vat.et.25/iiif/Vat.et.25_0010_fa_0001v.jp2/873,1349,34,45/full/0/default.jpg",ተ
https://figgy.princeton.edu/concern/scanned_resources/db3654ca-8e69-4000-93ab-e44b602cd160/manifest,"https://iiif-cloud.princeton.edu/iiif/2/81%2F60%2Ff5%2F8160f507a81d4bd4974adde099b8ee51%2Fintermediate_file/1322,2527,222,201/full/0/default.jpg",ተ
https://figgy.princeton.edu/concern/scanned_resources/db3654ca-8e69-4000-93ab-e44b602cd160/manifest,"https://iiif-cloud.princeton.edu/iiif/2/a1%2F54%2Fbf%2Fa154bff9de7a40608b53fe5e1a7af2a4%2Fintermediate_file/1003,1244,211,226/full/0/default.jpg",ተ
https://figgy.princeton.edu/concern/scanned_resources/9d5e20bd-8e05-4696-9693-bd2e0932199f/manifest,"https://iiif-cloud.princeton.edu/iiif/2/ad%2F07%2F0c%2Fad070c416f48402c9ec3acccd61cde11%2Fintermediate_file/4128,3896,260,320/full/0/default.jpg",ተ
https://figgy.princeton.edu/concern/scanned_resources/9d5e20bd-8e05-4696-9693-bd2e0932199f/manifest,"https://iiif-cloud.princeton.edu/iiif/2/ad%2F07%2F0c%2Fad070c416f48402c9ec3acccd61cde11%2Fintermediate_file/2066,3388,212,305/full/0/default.jpg",ተ
https://figgy.princeton.edu/concern/scanned_resources/9d5e20bd-8e05-4696-9693-bd2e0932199f/manifest,"https://iiif-cloud.princeton.edu/iiif/2/ad%2F07%2F0c%2Fad070c416f48402c9ec3acccd61cde11%2Fintermediate_file/2462,5165,287,314/full/0/default.jpg",ተ
https://figgy.princeton.edu/concern/scanned_resources/9d5e20bd-8e05-4696-9693-bd2e0932199f/manifest,"https://iiif-cloud.princeton.edu/iiif/2/ad%2F07%2F0c%2Fad070c416f48402c9ec3acccd61cde11%2Fintermediate_file/4980,1794,278,318/full/0/default.jpg",ተ
https://figgy.princeton.edu/concern/scanned_resources/9d5e20bd-8e05-4696-9693-bd2e0932199f/manifest,"https://iiif-cloud.princeton.edu/iiif/2/ad%2F07%2F0c%2Fad070c416f48402c9ec3acccd61cde11%2Fintermediate_file/4105,3887,269,294/full/0/default.jpg",ተ
https://www.vhmml.org/image/manifest/534303,"https://www.vhmml.org/image/READING_ROOM/AARB/AARB%2000202/AARB_00202_IMG_008v.jpg/977,881,123,96/full/0/default.jpg",ተ
https://www.vhmml.org/image/manifest/203663,"https://www.vhmml.org/image/READING_ROOM/EMML/EMML%201832/EMML_1832-003.jpg/1052,285,50,45/full/0/default.jpg",ተ
https://figgy.princeton.edu/concern/scanned_resources/db3654ca-8e69-4000-93ab-e44b602cd160/manifest,"https://iiif-cloud.princeton.edu/iiif/2/81%2F60%2Ff5%2F8160f507a81d4bd4974adde099b8ee51%2Fintermediate_file/3780,3233,185,237/full/0/default.jpg",ቱ
https://figgy.princeton.edu/concern/scanned_resources/db3654ca-8e69-4000-93ab-e44b602cd160/manifest,"https://iiif-cloud.princeton.edu/iiif/2/39%2Fa1%2F6d%2F39a16d01308247ce9e575068f84590b0%2Fintermediate_file/1551,1779,207,206/full/0/default.jpg",ቱ
https://figgy.princeton.edu/concern/scanned_resources/9d5e20bd-8e05-4696-9693-bd2e0932199f/manifest,"https://iiif-cloud.princeton.edu/iiif/2/49%2F37%2Fcc%2F4937ccd195b343769cdc9269720e52b1%2Fintermediate_file/4778,4179,315,349/full/0/default.jpg",ቱ
https://figgy.princeton.edu/concern/scanned_resources/9d5e20bd-8e05-4696-9693-bd2e0932199f/manifest,"https://iiif-cloud.princeton.edu/iiif/2/42%2Fcb%2F57%2F42cb57dc042d464e98b497b29d468847%2Fintermediate_file/1860,3283,258,285/full/0/default.jpg",ቱ
https://figgy.princeton.edu/concern/scanned_resources/9d5e20bd-8e05-4696-9693-bd2e0932199f/manifest,"https://iiif-cloud.princeton.edu/iiif/2/42%2Fcb%2F57%2F42cb57dc042d464e98b497b29d468847%2Fintermediate_file/2474,4138,222,222/full/0/default.jpg",ቱ
https://figgy.princeton.edu/concern/scanned_resources/9d5e20bd-8e05-4696-9693-bd2e0932199f/manifest,"https://iiif-cloud.princeton.edu/iiif/2/42%2Fcb%2F57%2F42cb57dc042d464e98b497b29d468847%2Fintermediate_file/3432,4909,231,298/full/0/default.jpg",ቱ
https://figgy.princeton.edu/concern/scanned_resources/9d5e20bd-8e05-4696-9693-bd2e0932199f/manifest,"https://iiif-cloud.princeton.edu/iiif/2/42%2Fcb%2F57%2F42cb57dc042d464e98b497b29d468847%2Fintermediate_file/4123,1256,289,338/full/0/default.jpg",ቱ
https://figgy.princeton.edu/concern/scanned_resources/9d5e20bd-8e05-4696-9693-bd2e0932199f/manifest,"https://iiif-cloud.princeton.edu/iiif/2/42%2Fcb%2F57%2F42cb57dc042d464e98b497b29d468847%2Fintermediate_file/4845,2093,227,294/full/0/default.jpg",ቱ
https://figgy.princeton.edu/concern/scanned_resources/9d5e20bd-8e05-4696-9693-bd2e0932199f/manifest,"https://iiif-cloud.princeton.edu/iiif/2/fe%2Fa8%2F48%2Ffea8485869314376ab4387b653d11408%2Fintermediate_file/3793,5410,213,329/full/0/default.jpg",ቱ
https://www.vhmml.org/image/manifest/534303,"https://www.vhmml.org/image/READING_ROOM/AARB/AARB%2000202/AARB_00202_IMG_008v.jpg/1141,869,147,126/full/0/default.jpg",ቱ
https://www.vhmml.org/image/manifest/534303,"https://www.vhmml.org/image/READING_ROOM/AARB/AARB%2000202/AARB_00202_IMG_008v.jpg/969,1116,138,111/full/0/default.jpg",ኀ
https://figgy.princeton.edu/concern/scanned_resources/db3654ca-8e69-4000-93ab-e44b602cd160/manifest,"https://iiif-cloud.princeton.edu/iiif/2/81%2F60%2Ff5%2F8160f507a81d4bd4974adde099b8ee51%2Fintermediate_file/2870,4791,215,263/full/0/default.jpg",ኁ
https://figgy.princeton.edu/concern/scanned_resources/9d5e20bd-8e05-4696-9693-bd2e0932199f/manifest,"https://iiif-cloud.princeton.edu/iiif/2/48%2Ffd%2F8f%2F48fd8f0bd89b42419a5a2bd0b39c7f6b%2Fintermediate_file/3351,3300,296,370/full/0/default.jpg",ኁ
https://www.vhmml.org/image/manifest/534303,"https://www.vhmml.org/image/READING_ROOM/AARB/AARB%2000202/AARB_00202_IMG_008v.jpg/1149,1123,119,117/full/0/default.jpg",ኁ
https://digi.vatlib.it/iiif/MSS_Vat.et.25/manifest.json,"https://digi.vatlib.it/pub/digit/MSS_Vat.et.25/iiif/Vat.et.25_0016_fa_0004v.jp2/835,1077,23,51/full/0/default.jpg",ነ
https://digi.vatlib.it/iiif/MSS_Vat.et.25/manifest.json,"https://digi.vatlib.it/pub/digit/MSS_Vat.et.25/iiif/Vat.et.25_0020_fa_0006v.jp2/720,1347,36,46/full/0/default.jpg",ነ
https://figgy.princeton.edu/concern/scanned_resources/db3654ca-8e69-4000-93ab-e44b602cd160/manifest,"https://iiif-cloud.princeton.edu/iiif/2/81%2F60%2Ff5%2F8160f507a81d4bd4974adde099b8ee51%2Fintermediate_file/5135,4768,176,201/full/0/default.jpg",ነ
https://figgy.princeton.edu/concern/scanned_resources/9d5e20bd-8e05-4696-9693-bd2e0932199f/manifest,"https://iiif-cloud.princeton.edu/iiif/2/ad%2F07%2F0c%2Fad070c416f48402c9ec3acccd61cde11%2Fintermediate_file/3786,3017,216,314/full/0/default.jpg",ነ
https://figgy.princeton.edu/concern/scanned_resources/bcf83691-4a18-4ddd-a9eb-bbc9dd800641/manifest,"https://iiif-cloud.princeton.edu/iiif/2/94%2Fc8%2F07%2F94c807f418f3478ab069a9ae7fddba37%2Fintermediate_file/565,1587,108,179/full/0/default.jpg",ነ
https://figgy.princeton.edu/concern/scanned_resources/bcf83691-4a18-4ddd-a9eb-bbc9dd800641/manifest,"https://iiif-cloud.princeton.edu/iiif/2/94%2Fc8%2F07%2F94c807f418f3478ab069a9ae7fddba37%2Fintermediate_file/1140,2065,112,158/full/0/default.jpg",ነ
https://figgy.princeton.edu/concern/scanned_resources/bcf83691-4a18-4ddd-a9eb-bbc9dd800641/manifest,"https://iiif-cloud.princeton.edu/iiif/2/94%2Fc8%2F07%2F94c807f418f3478ab069a9ae7fddba37%2Fintermediate_file/2106,2487,81,158/full/0/default.jpg",ነ
https://figgy.princeton.edu/concern/scanned_resources/bcf83691-4a18-4ddd-a9eb-bbc9dd800641/manifest,"https://iiif-cloud.princeton.edu/iiif/2/94%2Fc8%2F07%2F94c807f418f3478ab069a9ae7fddba37%2Fintermediate_file/2192,4660,84,141/full/0/default.jpg",ነ
https://www.vhmml.org/image/manifest/534303,"https://www.vhmml.org/image/READING_ROOM/AARB/AARB%2000202/AARB_00202_IMG_008v.jpg/978,1368,105,106/full/0/default.jpg",ነ
https://www.vhmml.org/image/manifest/203663,"https://www.vhmml.org/image/READING_ROOM/EMML/EMML%201832/EMML_1832-003.jpg/273,762,28,39/full/0/default.jpg",ነ
https://www.vhmml.org/image/manifest/203663,"https://www.vhmml.org/image/READING_ROOM/EMML/EMML%201832/EMML_1832-003.jpg/420,851,22,36/full/0/default.jpg",ነ
https://figgy.princeton.edu/concern/scanned_resources/db3654ca-8e69-4000-93ab-e44b602cd160/manifest,"https://iiif-cloud.princeton.edu/iiif/2/81%2F60%2Ff5%2F8160f507a81d4bd4974adde099b8ee51%2Fintermediate_file/3008,4281,181,244/full/0/default.jpg",ኑ
https://figgy.princeton.edu/concern/scanned_resources/db3654ca-8e69-4000-93ab-e44b602cd160/manifest,"https://iiif-cloud.princeton.edu/iiif/2/39%2Fa1%2F6d%2F39a16d01308247ce9e575068f84590b0%2Fintermediate_file/2000,2248,199,234/full/0/default.jpg",ኑ
https://figgy.princeton.edu/concern/scanned_resources/9d5e20bd-8e05-4696-9693-bd2e0932199f/manifest,"https://iiif-cloud.princeton.edu/iiif/2/7a%2Fc9%2Fa1%2F7ac9a144132f4296acd7fa454cac2bb1%2Fintermediate_file/1271,2080,326,347/full/0/default.jpg",ኑ
https://www.vhmml.org/image/manifest/534303,"https://www.vhmml.org/image/READING_ROOM/AARB/AARB%2000202/AARB_00202_IMG_008v.jpg/1149,1363,119,133/full/0/default.jpg",ኑ
https://digi.vatlib.it/iiif/MSS_Vat.et.25/manifest.json,"https://digi.vatlib.it/pub/digit/MSS_Vat.et.25/iiif/Vat.et.25_0009_fa_0001r.jp2/308,1283,47,41/full/0/default.jpg",አ
https://digi.vatlib.it/iiif/MSS_Vat.et.25/manifest.json,"https://digi.vatlib.it/pub/digit/MSS_Vat.et.25/iiif/Vat.et.25_0011_fa_0002r.jp2/767,734,40,52/full/0/default.jpg",አ
https://digi.vatlib.it/iiif/MSS_Vat.et.25/manifest.json,"https://digi.vatlib.it/pub/digit/MSS_Vat.et.25/iiif/Vat.et.25_0011_fa_0002r.jp2/770,730,33,52/full/0/default.jpg",አ
https://digi.vatlib.it/iiif/MSS_Vat.et.25/manifest.json,"https://digi.vatlib.it/pub/digit/MSS_Vat.et.25/iiif/Vat.et.25_0015_fa_0004r.jp2/266,599,39,40/full/0/default.jpg",አ
https://figgy.princeton.edu/concern/scanned_resources/db3654ca-8e69-4000-93ab-e44b602cd160/manifest,"https://iiif-cloud.princeton.edu/iiif/2/81%2F60%2Ff5%2F8160f507a81d4bd4974adde099b8ee51%2Fintermediate_file/3848,4254,187,225/full/0/default.jpg",አ
https://figgy.princeton.edu/concern/scanned_resources/9d5e20bd-8e05-4696-9693-bd2e0932199f/manifest,"https://iiif-cloud.princeton.edu/iiif/2/ad%2F07%2F0c%2Fad070c416f48402c9ec3acccd61cde11%2Fintermediate_file/4334,2604,188,322/full/0/default.jpg",አ
https://figgy.princeton.edu/concern/scanned_resources/bcf83691-4a18-4ddd-a9eb-bbc9dd800641/manifest,"https://iiif-cloud.princeton.edu/iiif/2/94%2Fc8%2F07%2F94c807f418f3478ab069a9ae7fddba37%2Fintermediate_file/1555,1561,128,169/full/0/default.jpg",አ
https://www.vhmml.org/image/manifest/534303,"https://www.vhmml.org/image/READING_ROOM/AARB/AARB%2000202/AARB_00202_IMG_008v.jpg/985,1604,97,110/full/0/default.jpg",አ
https://figgy.princeton.edu/concern/scanned_resources/9d5e20bd-8e05-4696-9693-bd2e0932199f/manifest,"https://iiif-cloud.princeton.edu/iiif/2/ad%2F07%2F0c%2Fad070c416f48402c9ec3acccd61cde11%2Fintermediate_file/3941,2591,200,331/full/0/default.jpg",አ 
https://figgy.princeton.edu/concern/scanned_resources/9d5e20bd-8e05-4696-9693-bd2e0932199f/manifest,"https://iiif-cloud.princeton.edu/iiif/2/33%2F6e%2Fbe%2F336ebe7931c54c3684c51b5c59aa24a3%2Fintermediate_file/2586,3298,249,297/full/0/default.jpg",ኡ
https://figgy.princeton.edu/concern/scanned_resources/9d5e20bd-8e05-4696-9693-bd2e0932199f/manifest,"https://iiif-cloud.princeton.edu/iiif/2/48%2Ffd%2F8f%2F48fd8f0bd89b42419a5a2bd0b39c7f6b%2Fintermediate_file/779,2563,335,313/full/0/default.jpg",ኡ
https://www.vhmml.org/image/manifest/534303,"https://www.vhmml.org/image/READING_ROOM/AARB/AARB%2000202/AARB_00202_IMG_008v.jpg/1129,1599,150,122/full/0/default.jpg",ኡ
https://www.vhmml.org/image/manifest/203663,"https://www.vhmml.org/image/READING_ROOM/EMML/EMML%201832/EMML_1832-003.jpg/234,895,28,46/full/0/default.jpg",እ
https://digi.vatlib.it/iiif/MSS_Vat.et.25/manifest.json,"https://digi.vatlib.it/pub/digit/MSS_Vat.et.25/iiif/Vat.et.25_0016_fa_0004v.jp2/842,568,43,46/full/0/default.jpg",ከ
https://digi.vatlib.it/iiif/MSS_Vat.et.25/manifest.json,"https://digi.vatlib.it/pub/digit/MSS_Vat.et.25/iiif/Vat.et.25_0017_fa_0005r.jp2/359,1053,53,50/full/0/default.jpg",ከ
https://figgy.princeton.edu/concern/scanned_resources/db3654ca-8e69-4000-93ab-e44b602cd160/manifest,"https://iiif-cloud.princeton.edu/iiif/2/a1%2F54%2Fbf%2Fa154bff9de7a40608b53fe5e1a7af2a4%2Fintermediate_file/4332,1532,205,175/full/0/default.jpg",ከ
https://figgy.princeton.edu/concern/scanned_resources/9d5e20bd-8e05-4696-9693-bd2e0932199f/manifest,"https://iiif-cloud.princeton.edu/iiif/2/ad%2F07%2F0c%2Fad070c416f48402c9ec3acccd61cde11%2Fintermediate_file/2510,1295,306,320/full/0/default.jpg",ከ
https://figgy.princeton.edu/concern/scanned_resources/9d5e20bd-8e05-4696-9693-bd2e0932199f/manifest,"https://iiif-cloud.princeton.edu/iiif/2/ad%2F07%2F0c%2Fad070c416f48402c9ec3acccd61cde11%2Fintermediate_file/3161,3022,224,271/full/0/default.jpg",ከ
https://figgy.princeton.edu/concern/scanned_resources/9d5e20bd-8e05-4696-9693-bd2e0932199f/manifest,"https://iiif-cloud.princeton.edu/iiif/2/ad%2F07%2F0c%2Fad070c416f48402c9ec3acccd61cde11%2Fintermediate_file/5082,2191,233,372/full/0/default.jpg",ከ
https://www.vhmml.org/image/manifest/534303,"https://www.vhmml.org/image/READING_ROOM/AARB/AARB%2000202/AARB_00202_IMG_008v.jpg/977,1848,101,106/full/0/default.jpg",ከ
https://www.vhmml.org/image/manifest/203663,"https://www.vhmml.org/image/READING_ROOM/EMML/EMML%201832/EMML_1832-003.jpg/822,701,31,40/full/0/default.jpg",ከ
https://figgy.princeton.edu/concern/scanned_resources/db3654ca-8e69-4000-93ab-e44b602cd160/manifest,"https://iiif-cloud.princeton.edu/iiif/2/a1%2Ffe%2F97%2Fa1fe97c70a3045fd8a630c5226e267b7%2Fintermediate_file/2274,1730,248,239/full/0/default.jpg",ኩ
https://figgy.princeton.edu/concern/scanned_resources/9d5e20bd-8e05-4696-9693-bd2e0932199f/manifest,"https://iiif-cloud.princeton.edu/iiif/2/49%2F37%2Fcc%2F4937ccd195b343769cdc9269720e52b1%2Fintermediate_file/699,2250,271,277/full/0/default.jpg",ኩ
https://figgy.princeton.edu/concern/scanned_resources/9d5e20bd-8e05-4696-9693-bd2e0932199f/manifest,"https://iiif-cloud.princeton.edu/iiif/2/34%2Fef%2F45%2F34ef45ec5928469285847749ab2b15a2%2Fintermediate_file/804,3746,298,280/full/0/default.jpg",ኩ
https://figgy.princeton.edu/concern/scanned_resources/9d5e20bd-8e05-4696-9693-bd2e0932199f/manifest,"https://iiif-cloud.princeton.edu/iiif/2/7a%2Fc9%2Fa1%2F7ac9a144132f4296acd7fa454cac2bb1%2Fintermediate_file/3064,2445,317,368/full/0/default.jpg",ኩ
https://figgy.princeton.edu/concern/scanned_resources/9d5e20bd-8e05-4696-9693-bd2e0932199f/manifest,"https://iiif-cloud.princeton.edu/iiif/2/7a%2Fc9%2Fa1%2F7ac9a144132f4296acd7fa454cac2bb1%2Fintermediate_file/5459,4789,317,326/full/0/default.jpg",ኩ
https://figgy.princeton.edu/concern/scanned_resources/9d5e20bd-8e05-4696-9693-bd2e0932199f/manifest,"https://iiif-cloud.princeton.edu/iiif/2/a5%2Fee%2Ffa%2Fa5eefab00f2740089c4ba8068837402b%2Fintermediate_file/4056,4546,300,355/full/0/default.jpg",ኩ
https://figgy.princeton.edu/concern/scanned_resources/9d5e20bd-8e05-4696-9693-bd2e0932199f/manifest,"https://iiif-cloud.princeton.edu/iiif/2/a5%2Fee%2Ffa%2Fa5eefab00f2740089c4ba8068837402b%2Fintermediate_file/3018,5024,314,285/full/0/default.jpg",ኩ
https://www.vhmml.org/image/manifest/534303,"https://www.vhmml.org/image/READING_ROOM/AARB/AARB%2000202/AARB_00202_IMG_008v.jpg/1143,1854,142,108/full/0/default.jpg",ኩ
https://digi.vatlib.it/iiif/MSS_Vat.et.25/manifest.json,"https://digi.vatlib.it/pub/digit/MSS_Vat.et.25/iiif/Vat.et.25_0009_fa_0001r.jp2/726,964,43,47/full/0/default.jpg",ወ
https://digi.vatlib.it/iiif/MSS_Vat.et.25/manifest.json,"https://digi.vatlib.it/pub/digit/MSS_Vat.et.25/iiif/Vat.et.25_0010_fa_0001v.jp2/833,937,36,49/full/0/default.jpg",ወ
https://digi.vatlib.it/iiif/MSS_Vat.et.25/manifest.json,"https://digi.vatlib.it/pub/digit/MSS_Vat.et.25/iiif/Vat.et.25_0014_fa_0003v.jp2/371,1533,36,49/full/0/default.jpg",ወ
https://figgy.princeton.edu/concern/scanned_resources/db3654ca-8e69-4000-93ab-e44b602cd160/manifest,"https://iiif-cloud.princeton.edu/iiif/2/81%2F60%2Ff5%2F8160f507a81d4bd4974adde099b8ee51%2Fintermediate_file/2722,1771,247,176/full/0/default.jpg",ወ
https://figgy.princeton.edu/concern/scanned_resources/db3654ca-8e69-4000-93ab-e44b602cd160/manifest,"https://iiif-cloud.princeton.edu/iiif/2/a4%2Fc7%2F82%2Fa4c782137f7649a5b8b05ea42a3bf17d%2Fintermediate_file/2724,2403,181,165/full/0/default.jpg",ወ
https://figgy.princeton.edu/concern/scanned_resources/9d5e20bd-8e05-4696-9693-bd2e0932199f/manifest,"https://iiif-cloud.princeton.edu/iiif/2/ad%2F07%2F0c%2Fad070c416f48402c9ec3acccd61cde11%2Fintermediate_file/2573,3037,217,284/full/0/default.jpg",ወ
https://figgy.princeton.edu/concern/scanned_resources/9d5e20bd-8e05-4696-9693-bd2e0932199f/manifest,"https://iiif-cloud.princeton.edu/iiif/2/ad%2F07%2F0c%2Fad070c416f48402c9ec3acccd61cde11%2Fintermediate_file/2238,1335,243,252/full/0/default.jpg",ወ
https://figgy.princeton.edu/concern/scanned_resources/9d5e20bd-8e05-4696-9693-bd2e0932199f/manifest,"https://iiif-cloud.princeton.edu/iiif/2/ad%2F07%2F0c%2Fad070c416f48402c9ec3acccd61cde11%2Fintermediate_file/2837,2200,257,248/full/0/default.jpg",ወ
https://figgy.princeton.edu/concern/scanned_resources/9d5e20bd-8e05-4696-9693-bd2e0932199f/manifest,"https://iiif-cloud.princeton.edu/iiif/2/ad%2F07%2F0c%2Fad070c416f48402c9ec3acccd61cde11%2Fintermediate_file/2566,3058,230,218/full/0/default.jpg",ወ
https://figgy.princeton.edu/concern/scanned_resources/9d5e20bd-8e05-4696-9693-bd2e0932199f/manifest,"https://iiif-cloud.princeton.edu/iiif/2/ad%2F07%2F0c%2Fad070c416f48402c9ec3acccd61cde11%2Fintermediate_file/5380,1831,302,261/full/0/default.jpg",ወ
https://figgy.princeton.edu/concern/scanned_resources/bcf83691-4a18-4ddd-a9eb-bbc9dd800641/manifest,"https://iiif-cloud.princeton.edu/iiif/2/94%2Fc8%2F07%2F94c807f418f3478ab069a9ae7fddba37%2Fintermediate_file/1425,1057,167,150/full/0/default.jpg",ወ
https://figgy.princeton.edu/concern/scanned_resources/bcf83691-4a18-4ddd-a9eb-bbc9dd800641/manifest,"https://iiif-cloud.princeton.edu/iiif/2/94%2Fc8%2F07%2F94c807f418f3478ab069a9ae7fddba37%2Fintermediate_file/1593,1052,155,133/full/0/default.jpg",ወ
https://figgy.princeton.edu/concern/scanned_resources/bcf83691-4a18-4ddd-a9eb-bbc9dd800641/manifest,"https://iiif-cloud.princeton.edu/iiif/2/94%2Fc8%2F07%2F94c807f418f3478ab069a9ae7fddba37%2Fintermediate_file/2104,1048,144,126/full/0/default.jpg",ወ
https://figgy.princeton.edu/concern/scanned_resources/bcf83691-4a18-4ddd-a9eb-bbc9dd800641/manifest,"https://iiif-cloud.princeton.edu/iiif/2/94%2Fc8%2F07%2F94c807f418f3478ab069a9ae7fddba37%2Fintermediate_file/2438,1295,163,134/full/0/default.jpg",ወ
https://figgy.princeton.edu/concern/scanned_resources/bcf83691-4a18-4ddd-a9eb-bbc9dd800641/manifest,"https://iiif-cloud.princeton.edu/iiif/2/94%2Fc8%2F07%2F94c807f418f3478ab069a9ae7fddba37%2Fintermediate_file/705,2535,171,140/full/0/default.jpg",ወ
https://www.vhmml.org/image/manifest/534303,"https://www.vhmml.org/image/READING_ROOM/AARB/AARB%2000202/AARB_00202_IMG_008v.jpg/982,2089,126,110/full/0/default.jpg",ወ
https://www.vhmml.org/image/manifest/203663,"https://www.vhmml.org/image/READING_ROOM/EMML/EMML%201832/EMML_1832-003.jpg/975,336,61,45/full/0/default.jpg",ወ
https://www.vhmml.org/image/manifest/203663,"https://www.vhmml.org/image/READING_ROOM/EMML/EMML%201832/EMML_1832-003.jpg/993,436,51,40/full/0/default.jpg",ወ
https://www.vhmml.org/image/manifest/203663,"https://www.vhmml.org/image/READING_ROOM/EMML/EMML%201832/EMML_1832-003.jpg/1072,930,52,51/full/0/default.jpg",ወ
https://www.vhmml.org/image/manifest/534303,"https://www.vhmml.org/image/READING_ROOM/AARB/AARB%2000202/AARB_00202_IMG_008v.jpg/1157,2082,133,126/full/0/default.jpg",ዉ
https://figgy.princeton.edu/concern/scanned_resources/db3654ca-8e69-4000-93ab-e44b602cd160/manifest,"https://iiif-cloud.princeton.edu/iiif/2/81%2F60%2Ff5%2F8160f507a81d4bd4974adde099b8ee51%2Fintermediate_file/4087,3246,146,204/full/0/default.jpg",ዐ
https://www.vhmml.org/image/manifest/534303,"https://www.vhmml.org/image/READING_ROOM/AARB/AARB%2000202/AARB_00202_IMG_008v.jpg/973,2330,105,102/full/0/default.jpg",ዐ
https://www.vhmml.org/image/manifest/203663,"https://www.vhmml.org/image/READING_ROOM/EMML/EMML%201832/EMML_1832-003.jpg/1599,620,35,48/full/0/default.jpg",ዐ
https://www.vhmml.org/image/manifest/203663,"https://www.vhmml.org/image/READING_ROOM/EMML/EMML%201832/EMML_1832-003.jpg/1556,967,37,43/full/0/default.jpg",ዐ
https://figgy.princeton.edu/concern/scanned_resources/db3654ca-8e69-4000-93ab-e44b602cd160/manifest,"https://iiif-cloud.princeton.edu/iiif/2/81%2F60%2Ff5%2F8160f507a81d4bd4974adde099b8ee51%2Fintermediate_file/5178,3744,218,185/full/0/default.jpg",ዑ
https://figgy.princeton.edu/concern/scanned_resources/db3654ca-8e69-4000-93ab-e44b602cd160/manifest,"https://iiif-cloud.princeton.edu/iiif/2/39%2Fa1%2F6d%2F39a16d01308247ce9e575068f84590b0%2Fintermediate_file/4247,1711,250,233/full/0/default.jpg",ዑ
https://www.vhmml.org/image/manifest/534303,"https://www.vhmml.org/image/READING_ROOM/AARB/AARB%2000202/AARB_00202_IMG_008v.jpg/1148,2333,122,106/full/0/default.jpg",ዑ
https://figgy.princeton.edu/concern/scanned_resources/9d5e20bd-8e05-4696-9693-bd2e0932199f/manifest,"https://iiif-cloud.princeton.edu/iiif/2/ad%2F07%2F0c%2Fad070c416f48402c9ec3acccd61cde11%2Fintermediate_file/2202,3855,216,303/full/0/default.jpg",ዕ
https://digi.vatlib.it/iiif/MSS_Vat.et.25/manifest.json,"https://digi.vatlib.it/pub/digit/MSS_Vat.et.25/iiif/Vat.et.25_0009_fa_0001r.jp2/762,638,51,49/full/0/default.jpg",ዘ
https://digi.vatlib.it/iiif/MSS_Vat.et.25/manifest.json,"https://digi.vatlib.it/pub/digit/MSS_Vat.et.25/iiif/Vat.et.25_0015_fa_0004r.jp2/497,1110,36,48/full/0/default.jpg",ዘ
https://digi.vatlib.it/iiif/MSS_Vat.et.25/manifest.json,"https://digi.vatlib.it/pub/digit/MSS_Vat.et.25/iiif/Vat.et.25_0018_fa_0005v.jp2/727,1029,43,39/full/0/default.jpg",ዘ
https://figgy.princeton.edu/concern/scanned_resources/db3654ca-8e69-4000-93ab-e44b602cd160/manifest,"https://iiif-cloud.princeton.edu/iiif/2/2c%2F48%2Ff0%2F2c48f05da9f14e9892ab2575c4e0fb2f%2Fintermediate_file/5069,4010,208,179/full/0/default.jpg",ዘ
https://figgy.princeton.edu/concern/scanned_resources/9d5e20bd-8e05-4696-9693-bd2e0932199f/manifest,"https://iiif-cloud.princeton.edu/iiif/2/ad%2F07%2F0c%2Fad070c416f48402c9ec3acccd61cde11%2Fintermediate_file/3767,3901,230,299/full/0/default.jpg",ዘ
https://figgy.princeton.edu/concern/scanned_resources/bcf83691-4a18-4ddd-a9eb-bbc9dd800641/manifest,"https://iiif-cloud.princeton.edu/iiif/2/94%2Fc8%2F07%2F94c807f418f3478ab069a9ae7fddba37%2Fintermediate_file/949,1599,134,136/full/0/default.jpg",ዘ
https://figgy.princeton.edu/concern/scanned_resources/bcf83691-4a18-4ddd-a9eb-bbc9dd800641/manifest,"https://iiif-cloud.princeton.edu/iiif/2/94%2Fc8%2F07%2F94c807f418f3478ab069a9ae7fddba37%2Fintermediate_file/1501,1814,130,166/full/0/default.jpg",ዘ
https://figgy.princeton.edu/concern/scanned_resources/bcf83691-4a18-4ddd-a9eb-bbc9dd800641/manifest,"https://iiif-cloud.princeton.edu/iiif/2/94%2Fc8%2F07%2F94c807f418f3478ab069a9ae7fddba37%2Fintermediate_file/740,2091,135,134/full/0/default.jpg",ዘ
https://www.vhmml.org/image/manifest/534303,"https://www.vhmml.org/image/READING_ROOM/AARB/AARB%2000202/AARB_00202_IMG_008v.jpg/980,2574,98,98/full/0/default.jpg",ዘ
https://www.vhmml.org/image/manifest/203663,"https://www.vhmml.org/image/READING_ROOM/EMML/EMML%201832/EMML_1832-003.jpg/580,280,40,44/full/0/default.jpg",ዘ
https://figgy.princeton.edu/concern/scanned_resources/9d5e20bd-8e05-4696-9693-bd2e0932199f/manifest,"https://iiif-cloud.princeton.edu/iiif/2/7a%2Fc9%2Fa1%2F7ac9a144132f4296acd7fa454cac2bb1%2Fintermediate_file/1305,834,322,309/full/0/default.jpg",ዙ
https://figgy.princeton.edu/concern/scanned_resources/9d5e20bd-8e05-4696-9693-bd2e0932199f/manifest,"https://iiif-cloud.princeton.edu/iiif/2/fe%2Fa8%2F48%2Ffea8485869314376ab4387b653d11408%2Fintermediate_file/1871,2555,324,329/full/0/default.jpg",ዙ
https://figgy.princeton.edu/concern/scanned_resources/9d5e20bd-8e05-4696-9693-bd2e0932199f/manifest,"https://iiif-cloud.princeton.edu/iiif/2/fe%2Fa8%2F48%2Ffea8485869314376ab4387b653d11408%2Fintermediate_file/3428,5441,319,238/full/0/default.jpg",ዙ
https://www.vhmml.org/image/manifest/534303,"https://www.vhmml.org/image/READING_ROOM/AARB/AARB%2000202/AARB_00202_IMG_008v.jpg/1151,2575,138,121/full/0/default.jpg",ዙ
https://digi.vatlib.it/iiif/MSS_Vat.et.25/manifest.json,"https://digi.vatlib.it/pub/digit/MSS_Vat.et.25/iiif/Vat.et.25_0009_fa_0001r.jp2/926,918,32,50/full/0/default.jpg",የ
https://figgy.princeton.edu/concern/scanned_resources/db3654ca-8e69-4000-93ab-e44b602cd160/manifest,"https://iiif-cloud.princeton.edu/iiif/2/2c%2F48%2Ff0%2F2c48f05da9f14e9892ab2575c4e0fb2f%2Fintermediate_file/1523,1247,186,198/full/0/default.jpg",የ
https://figgy.princeton.edu/concern/scanned_resources/db3654ca-8e69-4000-93ab-e44b602cd160/manifest,"https://iiif-cloud.princeton.edu/iiif/2/a4%2Fc7%2F82%2Fa4c782137f7649a5b8b05ea42a3bf17d%2Fintermediate_file/2739,3939,131,153/full/0/default.jpg",የ
https://figgy.princeton.edu/concern/scanned_resources/9d5e20bd-8e05-4696-9693-bd2e0932199f/manifest,"https://iiif-cloud.princeton.edu/iiif/2/ad%2F07%2F0c%2Fad070c416f48402c9ec3acccd61cde11%2Fintermediate_file/2833,2605,208,265/full/0/default.jpg",የ
https://www.vhmml.org/image/manifest/534303,"https://www.vhmml.org/image/READING_ROOM/AARB/AARB%2000202/AARB_00202_IMG_008v.jpg/972,2813,99,103/full/0/default.jpg",የ
https://www.vhmml.org/image/manifest/203663,"https://www.vhmml.org/image/READING_ROOM/EMML/EMML%201832/EMML_1832-003.jpg/1636,968,37,47/full/0/default.jpg",የ
https://figgy.princeton.edu/concern/scanned_resources/db3654ca-8e69-4000-93ab-e44b602cd160/manifest,"https://iiif-cloud.princeton.edu/iiif/2/fd%2F05%2F81%2Ffd05810a73fb4225bc7552037cc912bf%2Fintermediate_file/1644,2746,204,233/full/0/default.jpg",ዩ
https://figgy.princeton.edu/concern/scanned_resources/9d5e20bd-8e05-4696-9693-bd2e0932199f/manifest,"https://iiif-cloud.princeton.edu/iiif/2/33%2F6e%2Fbe%2F336ebe7931c54c3684c51b5c59aa24a3%2Fintermediate_file/4621,2344,227,301/full/0/default.jpg",ዩ
https://figgy.princeton.edu/concern/scanned_resources/9d5e20bd-8e05-4696-9693-bd2e0932199f/manifest,"https://iiif-cloud.princeton.edu/iiif/2/42%2Fcb%2F57%2F42cb57dc042d464e98b497b29d468847%2Fintermediate_file/4800,4820,280,338/full/0/default.jpg",ዩ
https://figgy.princeton.edu/concern/scanned_resources/9d5e20bd-8e05-4696-9693-bd2e0932199f/manifest,"https://iiif-cloud.princeton.edu/iiif/2/4d%2Ffb%2F05%2F4dfb0580cdfa4045906f9818f1057441%2Fintermediate_file/4331,5298,275,326/full/0/default.jpg",ዩ
https://www.vhmml.org/image/manifest/534303,"https://www.vhmml.org/image/READING_ROOM/AARB/AARB%2000202/AARB_00202_IMG_008v.jpg/1150,2809,121,115/full/0/default.jpg",ዩ
https://digi.vatlib.it/iiif/MSS_Vat.et.25/manifest.json,"https://digi.vatlib.it/pub/digit/MSS_Vat.et.25/iiif/Vat.et.25_0011_fa_0002r.jp2/766,1197,35,48/full/0/default.jpg",ደ
https://digi.vatlib.it/iiif/MSS_Vat.et.25/manifest.json,"https://digi.vatlib.it/pub/digit/MSS_Vat.et.25/iiif/Vat.et.25_0014_fa_0003v.jp2/448,1537,38,55/full/0/default.jpg",ደ
https://figgy.princeton.edu/concern/scanned_resources/db3654ca-8e69-4000-93ab-e44b602cd160/manifest,"https://iiif-cloud.princeton.edu/iiif/2/a1%2F54%2Fbf%2Fa154bff9de7a40608b53fe5e1a7af2a4%2Fintermediate_file/504,1229,219,225/full/0/default.jpg",ደ
https://www.vhmml.org/image/manifest/534303,"https://www.vhmml.org/image/READING_ROOM/AARB/AARB%2000202/AARB_00202_IMG_008v.jpg/976,3058,123,95/full/0/default.jpg",ደ
https://www.vhmml.org/image/manifest/203663,"https://www.vhmml.org/image/READING_ROOM/EMML/EMML%201832/EMML_1832-003.jpg/1407,325,53,48/full/0/default.jpg",ደ
https://figgy.princeton.edu/concern/scanned_resources/db3654ca-8e69-4000-93ab-e44b602cd160/manifest,"https://iiif-cloud.princeton.edu/iiif/2/39%2Fa1%2F6d%2F39a16d01308247ce9e575068f84590b0%2Fintermediate_file/1558,4039,204,231/full/0/default.jpg",ዱ
https://figgy.princeton.edu/concern/scanned_resources/9d5e20bd-8e05-4696-9693-bd2e0932199f/manifest,"https://iiif-cloud.princeton.edu/iiif/2/a5%2Fee%2Ffa%2Fa5eefab00f2740089c4ba8068837402b%2Fintermediate_file/4334,1734,363,377/full/0/default.jpg",ዱ
https://figgy.princeton.edu/concern/scanned_resources/9d5e20bd-8e05-4696-9693-bd2e0932199f/manifest,"https://iiif-cloud.princeton.edu/iiif/2/a5%2Fee%2Ffa%2Fa5eefab00f2740089c4ba8068837402b%2Fintermediate_file/3900,2182,270,274/full/0/default.jpg",ዱ
https://figgy.princeton.edu/concern/scanned_resources/9d5e20bd-8e05-4696-9693-bd2e0932199f/manifest,"https://iiif-cloud.princeton.edu/iiif/2/fe%2Fa8%2F48%2Ffea8485869314376ab4387b653d11408%2Fintermediate_file/2236,4584,218,309/full/0/default.jpg",ዱ
https://www.vhmml.org/image/manifest/534303,"https://www.vhmml.org/image/READING_ROOM/AARB/AARB%2000202/AARB_00202_IMG_008v.jpg/1157,3051,115,108/full/0/default.jpg",ዱ
https://digi.vatlib.it/iiif/MSS_Vat.et.25/manifest.json,"https://digi.vatlib.it/pub/digit/MSS_Vat.et.25/iiif/Vat.et.25_0016_fa_0004v.jp2/404,734,40,59/full/0/default.jpg",ገ
https://digi.vatlib.it/iiif/MSS_Vat.et.25/manifest.json,"https://digi.vatlib.it/pub/digit/MSS_Vat.et.25/iiif/Vat.et.25_0020_fa_0006v.jp2/567,555,40,51/full/0/default.jpg",ገ
https://figgy.princeton.edu/concern/scanned_resources/db3654ca-8e69-4000-93ab-e44b602cd160/manifest,"https://iiif-cloud.princeton.edu/iiif/2/2c%2F48%2Ff0%2F2c48f05da9f14e9892ab2575c4e0fb2f%2Fintermediate_file/2159,5103,155,192/full/0/default.jpg",ገ
https://figgy.princeton.edu/concern/scanned_resources/bcf83691-4a18-4ddd-a9eb-bbc9dd800641/manifest,"https://iiif-cloud.princeton.edu/iiif/2/94%2Fc8%2F07%2F94c807f418f3478ab069a9ae7fddba37%2Fintermediate_file/650,1589,132,163/full/0/default.jpg",ገ
https://www.vhmml.org/image/manifest/534303,"https://www.vhmml.org/image/READING_ROOM/AARB/AARB%2000202/AARB_00202_IMG_008v.jpg/990,3303,96,101/full/0/default.jpg",ገ
https://www.vhmml.org/image/manifest/203663,"https://www.vhmml.org/image/READING_ROOM/EMML/EMML%201832/EMML_1832-003.jpg/458,808,30,39/full/0/default.jpg",ገ
https://figgy.princeton.edu/concern/scanned_resources/9d5e20bd-8e05-4696-9693-bd2e0932199f/manifest,"https://iiif-cloud.princeton.edu/iiif/2/33%2F6e%2Fbe%2F336ebe7931c54c3684c51b5c59aa24a3%2Fintermediate_file/1216,4611,231,249/full/0/default.jpg",ጉ
https://figgy.princeton.edu/concern/scanned_resources/9d5e20bd-8e05-4696-9693-bd2e0932199f/manifest,"https://iiif-cloud.princeton.edu/iiif/2/fe%2Fa8%2F48%2Ffea8485869314376ab4387b653d11408%2Fintermediate_file/1764,4137,248,299/full/0/default.jpg",ጉ
https://www.vhmml.org/image/manifest/534303,"https://www.vhmml.org/image/READING_ROOM/AARB/AARB%2000202/AARB_00202_IMG_008v.jpg/1137,3300,130,97/full/0/default.jpg",ጉ
https://digi.vatlib.it/iiif/MSS_Vat.et.25/manifest.json,"https://digi.vatlib.it/pub/digit/MSS_Vat.et.25/iiif/Vat.et.25_0018_fa_0005v.jp2/985,1171,41,47/full/0/default.jpg",ጠ
https://www.vhmml.org/image/manifest/534303,"https://www.vhmml.org/image/READING_ROOM/AARB/AARB%2000202/AARB_00202_IMG_009r.jpg/413,451,123,110/full/0/default.jpg",ጠ
https://www.vhmml.org/image/manifest/203663,"https://www.vhmml.org/image/READING_ROOM/EMML/EMML%201832/EMML_1832-003.jpg/316,1076,39,33/full/0/default.jpg",ጠ
https://www.vhmml.org/image/manifest/203663,"https://www.vhmml.org/image/READING_ROOM/EMML/EMML%201832/EMML_1832-003.jpg/1610,1078,52,46/full/0/default.jpg",ጠ
https://www.vhmml.org/image/manifest/534303,"https://www.vhmml.org/image/READING_ROOM/AARB/AARB%2000202/AARB_00202_IMG_009r.jpg/572,442,150,101/full/0/default.jpg",ጡ
https://www.vhmml.org/image/manifest/534303,"https://www.vhmml.org/image/READING_ROOM/AARB/AARB%2000202/AARB_00202_IMG_009r.jpg/409,693,138,94/full/0/default.jpg",ጰ
https://www.vhmml.org/image/manifest/534303,"https://www.vhmml.org/image/READING_ROOM/AARB/AARB%2000202/AARB_00202_IMG_009r.jpg/584,685,128,116/full/0/default.jpg",ጱ
https://digi.vatlib.it/iiif/MSS_Vat.et.25/manifest.json,"https://digi.vatlib.it/pub/digit/MSS_Vat.et.25/iiif/Vat.et.25_0011_fa_0002r.jp2/452,833,31,50/full/0/default.jpg",ጸ
https://figgy.princeton.edu/concern/scanned_resources/db3654ca-8e69-4000-93ab-e44b602cd160/manifest,"https://iiif-cloud.princeton.edu/iiif/2/2c%2F48%2Ff0%2F2c48f05da9f14e9892ab2575c4e0fb2f%2Fintermediate_file/4600,5041,212,181/full/0/default.jpg",ጸ
https://www.vhmml.org/image/manifest/534303,"https://www.vhmml.org/image/READING_ROOM/AARB/AARB%2000202/AARB_00202_IMG_009r.jpg/427,938,103,104/full/0/default.jpg",ጸ
https://figgy.princeton.edu/concern/scanned_resources/9d5e20bd-8e05-4696-9693-bd2e0932199f/manifest,"https://iiif-cloud.princeton.edu/iiif/2/a5%2Fee%2Ffa%2Fa5eefab00f2740089c4ba8068837402b%2Fintermediate_file/2340,3779,300,344/full/0/default.jpg",ጹ
https://www.vhmml.org/image/manifest/534303,"https://www.vhmml.org/image/READING_ROOM/AARB/AARB%2000202/AARB_00202_IMG_009r.jpg/585,930,121,102/full/0/default.jpg",ጹ
https://figgy.princeton.edu/concern/scanned_resources/db3654ca-8e69-4000-93ab-e44b602cd160/manifest,"https://iiif-cloud.princeton.edu/iiif/2/81%2F60%2Ff5%2F8160f507a81d4bd4974adde099b8ee51%2Fintermediate_file/4610,2236,140,194/full/0/default.jpg",ፀ
https://figgy.princeton.edu/concern/scanned_resources/9d5e20bd-8e05-4696-9693-bd2e0932199f/manifest,"https://iiif-cloud.princeton.edu/iiif/2/ad%2F07%2F0c%2Fad070c416f48402c9ec3acccd61cde11%2Fintermediate_file/5241,1357,228,339/full/0/default.jpg",ፀ
https://www.vhmml.org/image/manifest/534303,"https://www.vhmml.org/image/READING_ROOM/AARB/AARB%2000202/AARB_00202_IMG_009r.jpg/430,1172,119,103/full/0/default.jpg",ፀ
https://www.vhmml.org/image/manifest/534303,"https://www.vhmml.org/image/READING_ROOM/AARB/AARB%2000202/AARB_00202_IMG_009r.jpg/582,1177,164,106/full/0/default.jpg",ፁ
https://digi.vatlib.it/iiif/MSS_Vat.et.25/manifest.json,"https://digi.vatlib.it/pub/digit/MSS_Vat.et.25/iiif/Vat.et.25_0009_fa_0001r.jp2/743,824,62,47/full/0/default.jpg",ፈ
https://digi.vatlib.it/iiif/MSS_Vat.et.25/manifest.json,"https://digi.vatlib.it/pub/digit/MSS_Vat.et.25/iiif/Vat.et.25_0015_fa_0004r.jp2/262,1339,37,50/full/0/default.jpg",ፈ
https://figgy.princeton.edu/concern/scanned_resources/db3654ca-8e69-4000-93ab-e44b602cd160/manifest,"https://iiif-cloud.princeton.edu/iiif/2/a1%2F54%2Fbf%2Fa154bff9de7a40608b53fe5e1a7af2a4%2Fintermediate_file/2695,2277,274,226/full/0/default.jpg",ፈ
https://figgy.princeton.edu/concern/scanned_resources/9d5e20bd-8e05-4696-9693-bd2e0932199f/manifest,"https://iiif-cloud.princeton.edu/iiif/2/ad%2F07%2F0c%2Fad070c416f48402c9ec3acccd61cde11%2Fintermediate_file/2476,4741,278,291/full/0/default.jpg",ፈ
https://figgy.princeton.edu/concern/scanned_resources/9d5e20bd-8e05-4696-9693-bd2e0932199f/manifest,"https://iiif-cloud.princeton.edu/iiif/2/ad%2F07%2F0c%2Fad070c416f48402c9ec3acccd61cde11%2Fintermediate_file/3000,4736,319,337/full/0/default.jpg",ፈ
https://www.vhmml.org/image/manifest/534303,"https://www.vhmml.org/image/READING_ROOM/AARB/AARB%2000202/AARB_00202_IMG_009r.jpg/424,1412,128,112/full/0/default.jpg",ፈ
https://www.vhmml.org/image/manifest/534303,"https://www.vhmml.org/image/READING_ROOM/AARB/AARB%2000202/AARB_00202_IMG_009r.jpg/594,1410,143,142/full/0/default.jpg",ፉ
https://www.vhmml.org/image/manifest/534303,"https://www.vhmml.org/image/READING_ROOM/AARB/AARB%2000202/AARB_00202_IMG_009r.jpg/421,1662,140,102/full/0/default.jpg",ፐ
https://www.vhmml.org/image/manifest/534303,"https://www.vhmml.org/image/READING_ROOM/AARB/AARB%2000202/AARB_00202_IMG_009r.jpg/594,1658,151,108/full/0/default.jpg",ፑ
